Avg Annual Use Per SQFT,SquareFoot,Site Name,% of Change
58.93626709677402,200,4018-Sheboygan - Center Avenue DU,-49.67%
113.57992857142857,224,8266-Othello - 7th & Main DU,-1.34%
114.08918367346936,294,2457-Ironton - Autobank,-7.37%
84.06813742690062,342,8184-Bellingham - Meridian DU,-28.69%
31.159,383,3616-Ames - University Drive-up,7.51%
8.676535000000001,400,4622-Hodgenville - Walters Ave,-19.49%
51.15746814,408,3188-Little Falls - Drive-Up,21.97%
51.817406382978724,470,4352-Richmond - 8th Street Drive-up,-48.37%
13.91511382113821,492,3665-Des Moines - Drake Drive-Up,-23.62%
0,500,4015-Rice Lake-West Eau Claire DU,0.00%
34.87880333333334,600,7746-Norfolk - Drive-Up,8.04%
36.018706944444446,720,5154-Aurora - Galena St,-22.73%
2.6012100000000005,800,5143-Vail,-94.04%
3.919815598548972,827,1129-Southampton - Hampton Rd,-57.19%
18.134077373974204,853,3893-Madison - University Square,5.48%
40.345208518518554,900,2350-Portsmouth - Gay Street,8.60%
38.35072600000001,1000,3643-Chariton - Court Ave DU,-19.25%
45.151132942326484,1023,4565-Paducah - Kentucky Oaks,-16.38%
22.824923511904732,1120,6474-Neelyville - Hwy 67,53.50%
21.277846717994862,1148,8843-Milpitas - Seafood City,35.26%
44.46813504273504,1170,4272-Winnebago - N Elida,-6.42%
40.19070888888888,1200,2251-Hillsboro - North High,6.93%
19.5247464,1250,9164-Weed - Main,13.59%
65.70528253580729,1260,4218-Naperville - Jefferson Ave DU,-9.94%
25.64579905063291,1264,1700-Hopkins - Autobank,-9.09%
8.111415564202334,1285,5963-Fairfield - Soldier Road,15.38%
19.382873683667142,1336,9858-Bakersfield- Coffee Road,25.68%
18.882329850746267,1340,3695-Maquoketa - West Platt,-5.31%
19.406500740740743,1350,2321-Monroe - Route 63,7.81%
30.458017857142863,1400,3654-Davenport - Division Street,20.26%
18.48707567,1414,1737-Excelsior-Excelsior Marketplace,-2.80%
4.183785521,1478,5815-Gardnerville,12.83%
24.89771695833334,1500,3748-Waterloo - Commercial St,0.29%
16.82622950819672,1525,4344-Lawrenceburg - Aurora Road,1.70%
44.88767136450994,1561,4374-Chicago - Englewood DU,57.32%
22.472783524904223,1566,6871-Kansas City - Parallel Pkwy,-44.11%
26.634176507936505,1575,2233-Gallipolis - Silver Bridge,-3.34%
22.23382178841311,1588,4412-Sauk Village - Sauk Trail,16.84%
16.68262068965517,1595,3998-North Fond du Lac,-33.64%
18.274319548872185,1596,6645-Hot Springs - Mall,-0.54%
19.99321603005636,1597,1739-Mound - Mount Marketplace,-5.71%
16.199533125000002,1600,8283-Quilcene - Center Road,-9.29%
16.678451692307693,1625,9776-Palmdale - Palmdale Blvd,10.45%
33.03150424757282,1648,7608-Albuquerque - Nob Hill,4.43%
28.350330909090903,1650,6507-Sedalia - State Fair,1.81%
26.85459698896612,1660,6475-Neosho - Neosho Blvd,-1.05%
11.686250140126422,1669,9334-Santa Rosa - Montgomery Village,56.04%
20.886112038140645,1678,2483-Washington Court House,-2.19%
13.524561706349226,1680,4456-Flemingsburg - Windsor,-3.25%
41.69546627,1685,4054-Wisconsin Rapids - Johnson DU,-32.01%
21.204198934280637,1689,6876-Lawrence - 9th & TN St.,11.74%
23.693317647058816,1700,3364-Sauk Rapids,27.77%
21.328762463343104,1705,2336-North Royalton - State Road,-2.06%
25.671591067285373,1724,4353-Richmond - 2909 East Main,-6.50%
27.833182245500915,1752,6472-Monett - Hwy 60,-8.76%
26.050614814814818,1755,4770-Chicago - North Ave DU,0.31%
35.35826303854876,1764,8150-Helena Autobank,-12.56%
10.303390476190476,1785,8222-Granger - Main,-47.96%
22.85394546296298,1800,4436-Bowling Green - Northgate,5.12%
14.774806201550383,1806,8802-Evanston,8.47%
17.600200885445492,1807,4490-Lexington - Richmond,-2.78%
21.753623475717827,1820,4590-Shelbyville - Midland Trail,-1.91%
21.231640547945204,1825,2242-Hamilton - High & Journal DU,-14.12%
25.300681594756963,1831,8205-Enumclaw - Cole,-15.67%
29.585698719423355,1863,2274-Lebanon - Columbus,-20.58%
11.508900105708248,1892,6082-Hartford,22.48%
32.39796263157894,1900,2826-Franklin - Hwy 96,-1.26%
15.453072916666668,1920,5658-Pueblo - Belmont Drive Up,2.61%
13.559041336474639,1932,9110-Loomis - Taylor,39.04%
15.230748010610101,1950,3696-Marion - 31st Street,-5.23%
31.493671771311895,1959,2315-Middletown - Roosevelt,21.41%
29.223204383282372,1962,4152-Chicago - Austin,-9.91%
17.641842451874364,1974,6464-Marshfield - 759 Jackson,1.66%
29.06639839034205,1988,8190-Blaine - Third & H,-18.38%
15.16455628,1996,2020-Ada - South Main,8.17%
22.536365498862335,2000,2039-Avon Lake - Walker,-12.15%
11.660672663668166,2001,8446-Aptos - Rancho Del Mar,-4.78%
34.17941135458168,2008,4131-Alton - North,2.73%
20.18801308778686,2010,3640-Centerville - 18th St DU,-11.78%
26.927068608094768,2026,5168-Westminster - Church Ranch,6.48%
13.078544647261964,2027,9078-Chester - Main,41.90%
24.423503448275863,2030,4506-Louisville - Highlands,-7.43%
9.267351006381936,2037,4023-Siren - Hwy 35-70,-60.03%
12.639888149919189,2048,9122-Paradise - Skyway,-0.55%
20.031777237354092,2056,8259-Mt. Vernon - Riverside,1.66%
13.357528182701651,2058,2382-Sugar Creek - Factory,-34.42%
4.818950994662786,2061,1868-Warren - Liberty Corner,2.46%
24.652665884211906,2083,2370-Solon - Som Center,-17.73%
14.753666027791091,2087,3802-Altoona,12.49%
23.13624363632157,2091,4257-Springfield - South 6th,10.29%
23.714496183206112,2096,8156-Vancouver - Orchards,3.31%
21.242442380952383,2100,2154-Cleveland - Harvard,-29.73%
4.887784564,2112,4006-Portage - Edgewater Drive-up,-50.00%
28.052546904315207,2132,2411-Wheelersburg - Center Street,-7.87%
17.800818989710013,2138,7815-Lincoln - 10th & Hwy 2,-34.31%
26.72062996,2143,2031-Amelia - Ohio Pike,-4.42%
15.222193383038208,2146,6554-St. Louis - North Kingshighway,-27.56%
11.447104291647438,2167,2524-Columbus - German Village Relo,14.39%
28.450218702173224,2178,4341-Hagerstown - West Main,16.40%
30.876757783882795,2184,8390-Veradale - Sprague & Sullivan,-24.07%
4.486370776255708,2190,7600-Albuquerque - Carlisle,-38.73%
19.192010018214933,2196,8930-Campbell - S Bascom,18.05%
21.235701202346032,2200,1736-Roseville - Roseville Center,10.27%
5.461887041690844,2217,2259-Hudson - North Main,-37.42%
8.996973624887286,2218,3040-Babbitt,1.77%
13.774870324870314,2220,6351-Bolivar - Springfield,-2.46%
15.595600894854586,2235,4485-Lexington - Eastland,-6.62%
15.86408258928571,2240,2162-Cleveland - South Garfield,-18.59%
25.39853777777778,2250,3000-Austin - Autobank,7.58%
18.719972074468078,2256,3638-Cedar Rapids - Vernon Village,0.16%
23.26257687195392,2257,4039-Wautoma - Oshkosh,2.39%
20.631067961165048,2266,6663-Maumelle - Audubon Drive,-2.26%
20.560414861650173,2282,3358-Princeton,29.72%
61.20552493990386,2288,3080-Duluth - Kenwood,109.40%
27.291557967867995,2303,7110-Minot - South Autobank,-29.40%
24.799586046006933,2304,4536-Maysville - 1176 Hwy 68,-1.59%
20.12123638720829,2314,2311-Miamitown - State Route 128,-18.05%
44.96474444001673,2332,4378-Chicago - Mt. Greenwood,8.01%
24.346806643952306,2348,6681-Sherwood - Kiehl,-14.55%
15.065604938271608,2349,6632-Arkadelphia - Pine,-8.60%
13.137476608806095,2362,2052-Botkins - South Mill,24.24%
12.003352891869238,2386,3611-Amana - 39th Avenue,-5.73%
15.952927675585293,2392,8455-Ladera Ranch - Mercantile W Shop,4.93%
22.648751996527785,2400,6089-Sioux Falls - Northeast,1.27%
17.464514486754965,2416,4791-Chicago - S Wacker Dr,-24.33%
15.237222176422092,2426,8071-Marysville - Gateway Shopping Ctr,-7.65%
19.833179876796713,2435,1330-Bloomington - Lyndale,11.65%
16.893427490964438,2438,4339-Dillsboro - Bank Street,-3.26%
28.124554471544712,2460,8371-Tacoma - Fircrest-James Center,-12.82%
16.85536416497635,2465,3915-Chippewa Falls - Hallie,8.63%
11.713308407437347,2474,9117-Modesto - Tully Road,28.28%
49.763388944553455,2479,4359-Richmond - University,27.77%
31.257992241840576,2492,5907-MacKay - S Main,-9.41%
16.317769045709696,2494,1490-White Bear Lake - Lakewood,-17.07%
18.125115969738918,2500,2115-Cincinnati - Westwood Cheviot,-3.60%
28.580567772890845,2501,2830-Jefferson City,18.30%
14.543044907407403,2520,8293-Renton - Spring Glen,-4.55%
11.685975523095145,2533,2455-Akron - Coventry Commons,-8.03%
15.02080984251969,2540,8581-Milton-Freewater,-56.23%
15.521062450903377,2546,8682-Sherwood - Washington,-9.86%
22.65458045525903,2548,3354-Pine City,-5.94%
9.199420290955095,2550,9300-Martinez,14.24%
19.080556382145655,2554,2243-Hamilton - Liberty Fairfield,8.57%
16.357577464788733,2556,8247-Lynden - Front Street,-2.74%
15.46096799375488,2562,9068-Alturas -N Main,16.70%
11.819313985196727,2567,2521-Mentor - Lake Mentor,-2.73%
19.484059029126215,2575,6864-Overland Park - 135 & Antioch,-12.50%
40.36015715948778,2577,7769-Omaha - 89th & Maple,9.19%
22.859515003750932,2580,7710-Fremont - Suburban,-1.66%
12.42713528735632,2600,2834-McMinnville - Chancery,-12.06%
8.357261886503068,2608,8363-Sumner - Main,-9.23%
34.704608030592745,2615,8300-Royal City - Evergreen,-1.55%
19.66737490465294,2622,2307-Mentor - East,41.79%
8.225872146118721,2628,2299-Malvern - North Reed,11.94%
16.61680450162457,2632,2385-Toronto - North 3rd,-18.69%
19.139898633257406,2634,6369-Clinton - Franklin,-1.24%
11.46074128787879,2640,8879-Long Beach - Pacific Coast,3.77%
18.331260770975057,2646,9155-Susanville - Main,2.43%
17.56676737160121,2648,8820-Green River - Hutton Hts,-41.91%
16.082657239819003,2652,5475-Lakewood - Westland,6.83%
30.64858421052631,2660,4447-Crestview Hills - Thomas More,-3.64%
27.750223348348342,2664,8110-Missoula - West Downtown DU,-17.26%
14.926170356472795,2665,2064-Cedarville - 64 North Main,-20.45%
12.149130093457941,2675,2496-Medina - Medina Road,14.04%
15.02857661121976,2677,4455-Falmouth - Pendleton,-8.75%
19.77346551,2682,3904-Appleton - Grand Chute,4.98%
9.806336787840142,2688,6459-Macon - Rutherford,-4.36%
20.304709074074076,2700,5358-Fallon - Casey Road,8.03%
16.594856270810208,2703,2291-Logan - West Main,-6.95%
22.369475083056486,2709,4096-Cicero - W Cermak,-16.43%
16.69147205882353,2720,2239-Geneva - East Main,-14.86%
12.012331982518884,2728,6354-Branson - West Main,-4.41%
21.066147101174685,2730,5547-Aurora - Hampden Crossing,-11.32%
19.643417032163743,2736,8489-Banks - Oak Way,6.13%
25.255943754565372,2738,2854-Pleasant View,14.23%
12.25455872,2742,2447-Cleveland - Puritas,-9.71%
17.097440779378484,2745,4017-Schofield - Weston,-29.52%
20.073612527312456,2746,4016-Ripon - Fond du Lac,-8.94%
18.120673188405796,2760,6903-Topeka - Topeka Blvd,2.31%
30.648950036205655,2762,8683-Sisters - W Hood,26.92%
13.209699891657635,2769,8891-Maywood - E Slauson,29.69%
36.19117906137185,2770,2916-Nashville - Belle Meade,11.33%
9.151162279120088,2773,6277-Chesterfield-Commons West,2.60%
16.407043103448274,2784,3924-Eau Claire - Oakwood,-6.46%
42.74683846337401,2794,6502-Salem - Pershing,1.13%
18.79906958966693,2800,2017-Cleveland - Euclid,0.95%
22.311980235042736,2808,2406-West Chester - Wetherington,11.71%
45.213744310099585,2812,6879-Lawrence - West 23rd,4.99%
12.793815340909093,2816,7721-Kearney - Main,12.71%
14.51901135557133,2818,1904-Chisago City,-48.93%
18.60887053793499,2827,3074-Duluth - Miller Hill,-16.69%
16.775258201058204,2835,9165-Williams - E Street,20.36%
21.757657582691785,2836,8310-Seattle - Broadway,-6.61%
10.705952255109239,2838,2296-Lucas - East Main,-10.36%
18.526132911392406,2844,2316-Milford - McClelland,-6.87%
15.07171709470305,2848,4428-Berea - Chestnut Street,12.80%
21.053117161380673,2856,3631-Cedar Falls - College Square,4.46%
16.650876702759344,2863,8075-Seattle - Belltown Insignia Tower,-8.75%
24.879690245030048,2884,3900-Allouez - Green Bay,-10.92%
18.130533132183906,2900,6515-Springfield - Campbell,-8.62%
21.804383693045565,2919,2460-Akron - Ellet Canton,4.62%
16.024592136752144,2925,1754-Lino Lakes - Lake Drive,-2.49%
14.834684402332364,2940,1923-Elk River - Holt Street,-18.55%
14.632477172810278,2957,9158-Truckee - Donner Pass,19.98%
19.74335608108109,2960,8743-Portland - Raleigh Hills,-11.99%
8.045622387,2966,9095-Eureka - Henderson Center,48.05%
14.031858155026983,2970,3151-Rochester - East Circle Drive,21.67%
13.332060840336133,2975,5916-Moscow - Blaine,-1.11%
26.81643665,2978,2828-Goodlettsville - Main Street,-7.35%
12.989910600469639,2981,2280-Berea 98 Front St,18.85%
21.33077364,2982,4512-Louisville - McMahan Plaza,3.14%
13.53752787748265,2985,8007-Billings - Southwest,5.55%
14.560727165263529,2990,5157-Littleton - Chatfield,-28.10%
29.41926403743315,2992,6468-Mexico - Western,-76.43%
13.703899866488653,2996,9497-Inglewood - Century & Club,19.71%
18.58922481177832,3000,2255-Hopedale - East Main,-1.62%
15.577846963652496,3008,9728-Santa Clara,17.30%
20.76708692767087,3014,4005-Pewaukee - Silvernail,-4.70%
15.356840344484924,3019,5628-Denver - Five Points,-61.90%
16.668799933862434,3024,4427-Benton - Draffenville,10.46%
18.615354710743798,3025,6380-Crystal City - Bailey,-20.18%
25.97611206328279,3034,3336-Monticello,-1.58%
16.060098522167486,3045,8573-Manzanita - Laneda,5.48%
20.953168961748638,3050,3929-Fond du Lac - Marr Motor,3.95%
9.373222903585809,3059,9160-Twain Harte - Twain Harte Driv,29.61%
19.178008458285262,3060,5637-Highlands Ranch - Westridge,-6.90%
25.27633594259622,3066,1275-Chanhassen - Century Blvd,41.80%
12.133114444082162,3067,2305-Mayfield Heights - Mayfield Rd,11.10%
17.857451791530945,3070,1777-Oakdale - 10th & Helmo,1.02%
18.726070733290072,3082,8483-Aloha - 185th & Farmington,-5.82%
11.952446085061199,3085,8754-Bend - Cascade Lakes,-14.37%
11.581039857420606,3086,7306-Bismarck - South,-13.50%
12.831067961165049,3090,8240-Kirkland - Juanita,-3.32%
11.05747639068564,3092,7736-Lincoln - Lincolnshire,-10.95%
18.813279753176932,3100,2202-Dublin - Frantz,6.42%
21.666419084461644,3102,2216-Fairfield - Dixie Hwy Route 4,-4.03%
10.54335590500642,3116,3073-Duluth - Spirit Valley,13.73%
16.69347104,3125,4031-Twin Lakes - North Lake,-8.43%
13.869296994884913,3128,4569-Paducah - Reidland,-18.55%
28.505191693290733,3130,5937-Preston - S State,-9.32%
11.176494904458602,3140,6572-Trenton - Eastgate,-8.38%
25.013829043533526,3147,5374-Las Vegas - Montecito,0.58%
15.281991111111111,3150,5315-Las Vegas - Hualapai CB,3.21%
25.578489078822418,3159,2847-Hermitage,6.50%
14.525351265822783,3160,5747-Gardnerville,5.57%
5.998054924242423,3168,4822-Naperville - North Town Plaza,39.73%
4.169121249334353,3173,9495-Cupertino - Stevens Creek,-62.78%
10.283147355163731,3176,2383-Tiffin - West,5.92%
14.739367379006916,3182,3949-Kenosha - South,-10.39%
8.16760207,3189,4757-Lincolnwood,-30.81%
14.772040494555362,3192,2364-Shelby - West Main,-3.99%
16.91523209,3200,2046-Beavercreek - Dayton Xenia,0.89%
9.100522961574507,3201,3887-Oconomowoc,-10.48%
12.910076107298817,3206,9364-Ontario - Inland Empire Blvd,6.66%
11.235706593042853,3216,4337-Connersville - North,-12.92%
12.447508859185577,3217,4819-Downers Grove - Ogden Avenue,-4.90%
16.135523913043478,3220,3179-Sartell - Pinecone Rd,7.60%
12.29913617,3224,2200-Delphos - Elida,5.14%
41.25979981406881,3227,4718-Carol Stream,-14.62%
11.213018885448914,3230,3177-Fergus Falls - Lincoln Ave,-23.20%
17.070554730983304,3234,4212-Moline - 22nd Avenue,-0.57%
11.802841676967462,3236,9880-Sacramento - Florin Road,16.01%
15.862849429188524,3241,2912-Nashville - Gallatin Pike,-0.62%
16.246001232665634,3245,2340-Oxford - Lynn Street,-3.60%
9.486787804126886,3247,3308-Blooming Prairie,-4.75%
13.846869101736967,3250,5725-Salt Lake City - South Salt Lk,-13.26%
9.582173751095523,3260,2054-Brilliant - 3rd Street,-5.71%
15.61473819971537,3264,1261-Maple Grove - Relocation,-3.78%
12.790851347213717,3266,4306-Dixon - Keul Road,8.71%
11.308303030303033,3267,4299-Edwardsville - Lewis Rd,-10.89%
11.205855748703872,3279,9332-Santa Cruz,24.60%
12.200326731227637,3284,7523-Tucson - Broadway & Pantano,-1.75%
13.754905423436165,3288,4043-Webster - Lakeland,20.12%
19.330646808510636,3290,1311-Minneapolis - St Anthony Falls,27.38%
20.031903127846956,3293,4514-Louisville - Shively,-2.41%
18.505686060606077,3300,2353-Proctorville - Rome,19.60%
9.710534420289855,3312,3703-Muscatine - Park Avenue,6.29%
32.43228174962292,3315,4798-West Chicago,-25.96%
10.117400908527785,3340,8012-Hamilton - First Street HB,-3.08%
22.018896438192165,3341,3076-Duluth - Lakeside,-15.86%
15.739562900743781,3342,4563-Paducah - 1666 Broadway,-14.53%
19.793432577565632,3352,4495-Louisville - Brownsboro,27.87%
22.250112797619042,3360,6573-Troy - Lincoln,-5.92%
12.431372549019608,3366,6664-Morrilton - Hwy 9,-11.29%
17.066008316008315,3367,5776-Henderson - Green Valley,-3.35%
16.179461108286716,3372,7639-Taos - South,-14.51%
31.383182318570547,3374,8274-Port Angeles - E Seventh,-14.14%
18.918136296296293,3375,9975-Riverside - Orangecrest,27.19%
27.028769822485202,3380,3656-Davenport - Quad Cities NW,7.25%
14.488675236406625,3384,9169-Yreka - W. Center,9.57%
24.00620625553261,3389,3712-Ottumwa - Pickwick,3.50%
18.057327593582883,3400,4766-Mount Prospect - Rand,-9.82%
15.727244562022337,3402,2060-Cambridge - East Wheeling,10.30%
23.949064550886487,3403,8368-Tacoma - 72nd & Pacific,-9.47%
18.308334164222867,3410,1269-Minneapolis - Uptown Relo,12.93%
18.361159437280186,3412,5708-North Salt Lake - 1090 North,-1.58%
12.01435266549502,3414,2814-College Grove - Horton Hwy,-13.46%
37.074705090696305,3418,8527-Eugene - Bethel & Danebo,26.98%
19.719417493407917,3419,4558-Owensboro - New Hartford,-9.63%
18.55473684210526,3420,8203-Edmonds - Fourth Ave,35.32%
19.258366141732285,3429,8389-Vashon - Vashon Island,-12.77%
15.171840962099132,3430,5560-Thornton,3.85%
14.129912663755459,3435,5731-West Jordan - 7080 South,-7.65%
11.701073213248108,3442,5826-Reno - Summit Sierra,7.63%
16.016634801993177,3444,1314-Anoka - West Main new loc,1.01%
13.045410531400956,3450,5952-Wendell - S Idaho,1.75%
30.611684606481482,3456,5317-Las Vegas - Rainbow/Sahara CB,2.59%
19.830542485549138,3460,8562-La Pine - Main,-6.48%
18.01191086726344,3463,2926-Seymour - Chapman Highway,-7.46%
13.823579948141745,3471,4104-Chicago - Lincoln Park,-25.61%
14.103319628138777,3478,2187-Columbus - Route 161,-0.71%
13.968983342906375,3482,8521-Drain - First Street,-4.61%
27.69200616399082,3488,8531-Eugene - Santa Clara,-11.27%
19.82349628968504,3500,1789-Lakeville,0.03%
14.154045934379456,3505,5727-Sandy - South Towne,0.76%
17.93985824301198,3506,7620-Gallup - Hill,-26.95%
28.639352152837183,3507,5314-Las Vegas - Ft Apache CB,14.97%
12.537546547982494,3508,8553-Hood River Heights - 12th St,0.05%
17.366075666951478,3511,8226-Issaquah - Gilman Blvd,-4.83%
10.90113753,3512,9143-Sacramento - Greenhaven,-21.55%
21.869670745589076,3514,5376-Las Vegas - Marcello Marketpl,19.74%
21.546849971639247,3526,6673-North Little Rock - McCain,-6.52%
12.834407764239161,3529,8472-Foster City,-11.47%
17.463031135012734,3533,2289-Mason - Deerfield,-4.75%
13.403969174208145,3536,8909-Santa Clarita - Sierra Hwy,0.02%
13.113340870548333,3538,6000-Rapid City Autobank,-3.20%
13.933235158528559,3543,9970-Apple Valley - Bear Valley,12.18%
12.383716502115659,3545,8377-Tacoma - Proctor,-6.47%
14.119548928369994,3546,9964-Fontana - Cherry Ave,-0.10%
18.29426527738665,3551,6087-Sioux Falls - North,-4.29%
15.728978885135133,3552,5844-Boise - 17th & State,-1.56%
16.607747089527418,3553,7763-Omaha - Eagle Run,-21.15%
27.855106681639526,3562,3909-Brookfield - Market Square,-11.00%
13.753706872370262,3565,5517-Denver - Bear Valley,-20.58%
12.01463048951049,3575,9096-Fairfield - Travis,35.29%
12.383141918344515,3576,5884-Council - Illinois,35.78%
16.141870937790152,3590,5746-Carson City - North Carson,-15.82%
16.16573852573018,3595,9950-Yorba Linda - 19750 YL,-17.38%
15.164521562499978,3600,1256-Charlotte McMullen Creek Market,-6.73%
11.425384893085251,3601,9058-Tracy - W. Grant Line Road,35.25%
15.043665187239945,3605,2344-Pickerington - Stonecreek,5.84%
9.607029101995568,3608,8264-Oak Harbor - NE Midway,1.71%
19.107785437430785,3612,2281-Parma-Snow Road,8.63%
15.710787003858881,3628,2922-Knoxville - West Knoxville,0.05%
11.380608312689237,3633,8588-Mt. Angel - N Main,-4.61%
23.734826875515257,3639,4232-Palatine - Rand Road,3.26%
10.057311950549451,3640,2456-New Albany - Miller & Main,4.97%
38.05186679,3641,6431-Kansas City - Gladstone,1.27%
9.623420663195398,3649,8678-Scappoose - Columbia River,13.69%
12.650099015317286,3656,6630-Alma - Van Buren,-17.29%
23.794100054525625,3668,2107-Cincinnati - Montgomery,6.34%
18.596155219405826,3669,5625-Erie,29.98%
17.178201634877386,3670,6685-Van Buren - Pointer Trail,10.50%
20.142419003539338,3673,9264-Irvine - Barranca Pkwy,4.90%
18.203904555314534,3688,5863-Boise - Overland & Five Mile,-15.96%
23.481196801301166,3689,5605-Parker - Stonegate,0.50%
16.27239932249324,3690,5704-Kearns - 5352 South,-3.07%
16.490554083288266,3698,1310-St. Paul - Battle Creek,-8.76%
17.16157683456184,3700,6455-Lee's Summit - Douglas Square,10.03%
3.2975619113055545,3709,9327-San Jose - El Paseo de Saratog,-43.62%
19.17895460668103,3712,5543-Lone Tree - Park Meadows,-18.12%
7.6286555732289365,3715,2033-Anna - West Main,2.99%
16.80129513048157,3717,9957-La Verne - 1933 Foothill,13.16%
15.685018682795697,3720,2368-Sidney - Vandemark,-8.97%
12.704208872698308,3728,1380-Eagan - Krestwood Lane,-5.35%
23.276963032413615,3733,2825-Franklin - Mallory Lane,5.24%
18.996132174688043,3740,6070-Rapid City - Western,-2.83%
24.401073470478224,3743,5645-Denver - Montbello,-21.91%
14.150500799999996,3750,2101-Cincinnati - Madeira,-0.30%
24.031343434343437,3762,1928-Prior Lake,-16.29%
17.323991766268264,3765,9759-Rancho Santa Margarita,17.90%
9.578862480127183,3774,5520-Canon City,-6.84%
15.068043420704262,3777,7770-Omaha - Oakview,-5.83%
11.047680665610141,3786,5706-Midvale - South State,3.89%
7.036114570361144,3796,5778-Incline Village - Tahoe Blvd,0.16%
17.27643027272728,3800,4430-Bowling Green - Campbell,1.97%
20.259482377695953,3802,2226-Fremont - Potter Village,-0.46%
23.61768034,3804,3651-Council Bluffs - Mall of the Bluffs,-31.88%
6.430380078636959,3815,5124-Edwards - WSB,-45.60%
17.88360638576289,3821,6297-Creve Coeur - Olive Blvd,14.80%
24.630434744729044,3826,7808-Columbus,-9.32%
10.847983568075117,3834,2167-Columbus - Bexley,32.99%
12.948098228243873,3838,8965-Rancho Santa Fe - 16083 San Di,19.18%
16.518066423547797,3839,8506-Canby - Elm,7.14%
13.943213543020534,3847,6659-Little Rock - Rodney Parham,-23.53%
17.346327622014535,3852,2124-Cincinnati - Queensgate,0.22%
18.404613789528252,3858,7978-Clackamas - Sunnyside,-6.12%
20.43902123252201,3862,8179-Bellevue - Highlands,61.52%
19.593510605276773,3866,4108-Des Plaines - Oakton,-13.85%
28.363642230252967,3874,2808-Clarksville - Northpark Shop,22.53%
13.967026675257731,3880,5109-Denver - Parker Iliff,-12.83%
11.260991763191761,3885,9299-Los Gatos,-19.56%
22.53991075,3888,3741-West Des Moines - EP True,-8.65%
16.273451554870213,3891,5707-Murray - Redwood Road,-10.68%
15.363766417198615,3894,8512-Clatskanie - Evergreen Shoppin,-46.63%
14.349034358974368,3900,6397-Florissant - Hwy 67-Lindberg,-9.87%
6.810247165739145,3901,3342-New Prague,-9.19%
32.661228425096034,3905,5796-North Las Vegas - Lake Mead,-8.23%
12.246580171262796,3914,3942-Hartford - Sumner,-2.15%
17.36652219387755,3920,9721-Arcadia - East Foothill,-5.96%
12.863449171974523,3925,9339-Vallejo,0.31%
0.7731063275750191,3927,9324-San Francisco - North Beach,4.92%
13.614248986828777,3948,1774-Woodbury - Valley Creek,-4.54%
14.65129746835443,3950,8696-Tualatin - SW Nyberg,-14.52%
12.91433190199545,3959,9140-Sacramento - Campus Commons,20.86%
5.142880142332425,3960,9357-Pasadena - Colorado Blvd,-73.13%
14.451285137522074,3963,5684-Grand Junction - Clifton,-0.65%
13.002300403225808,3968,6098-Sioux Falls - WaterFall Plaza,-10.33%
9.635748551272362,3969,1301-Shakopee,0.21%
13.526196473551638,3970,7329-Fargo,1.28%
27.072478742138365,3975,4120-Chicago - West Town,10.12%
14.860438744536188,3976,2812-Clarksville - 2700 St Bethlehm,-20.43%
7.372727227101628,3985,8785-Los Angeles - Olympic & Figueroa,22.84%
9.421047117794487,3990,4743-Glenview,-0.49%
18.22017872340426,3995,7626-Moriarty - Route 66,37.79%
14.784834495789221,4000,2209-Elyria - Midway Blvd,-4.07%
13.145829718274742,4011,9993-Pomona - West Mission,30.40%
15.103039362232185,4014,7623-Las Cruces - Foothills Rd,-3.24%
19.720367468385813,4033,6670-North Little Rock - Levy,-6.78%
15.196166088249882,4034,7425-Sun City - Bell Road,12.32%
10.727241643971283,4039,4007-Portage - Northridge,-4.12%
11.654670291646068,4046,8786-Casper - W First,-1.27%
20.29891304347826,4048,8281-Puyallup - S Meridian,-22.56%
11.523567654320981,4050,5761-Las Vegas - Summerlin,3.38%
16.833506660088794,4054,7295-Huntington Beach Brookhurst,-0.05%
17.600103006407096,4058,3896-Hudson - Ban Tara,-9.37%
15.008274920009846,4063,8011-Bozeman - 19th Avenue HB,-2.44%
13.46230897908979,4065,3153-Rochester - West Circle Dr,-34.07%
30.295640855457222,4068,7090-Grand Forks - Medical Park,0.59%
21.07737656595431,4071,8565-Lake Oswego - Lake Grove,-29.40%
18.90635477941177,4080,2218-Fairfield - Patterson,2.09%
34.25386853489402,4095,3990-Milwaukee - Wisconsin @ 26th,-22.49%
16.146695068359374,4096,8855-Arcadia - S Baldwin,-10.85%
19.519128314855887,4100,3994-Muskego - Janesville,-6.66%
12.47889351851852,4104,1690-Shoreview,-8.85%
20.33559362064768,4107,2375-Springboro - North Main,10.43%
11.072472075392964,4108,8901-Pacific Palisades - Sunset CNB,-10.14%
10.016027197668771,4118,5915-Montpelier - Washington,-17.35%
15.333549838187704,4120,2181-Columbus - Henderson Road,10.29%
22.77882639225181,4130,8322-Seattle - Magnolia,17.56%
22.476799179338638,4143,1440-Plymouth Four Seasons,7.17%
14.523891566265064,4150,9953-Twenty-Nine Palms,6.75%
20.73159990382304,4159,6398-Florissant - Waterford Hwy 67,-4.35%
18.287776044167067,4166,8482-Albany - Santiam,-29.58%
9.318377729781616,4167,2347-Port Clinton - East 2nd,18.92%
19.20812083,4171,9958-Montclair - Central,24.60%
21.559414056896962,4183,4398-Maywood - Madison,-11.26%
15.49032752862595,4192,3675-Dewitt - 11th Street,-15.20%
15.409319904761906,4200,2166-Cleveland - Wilson Mills,8.08%
11.39102841581814,4223,1312-Minneapolis - Northeast New,-4.39%
0.04489112,4234,9413-Oxnard - Main,-100.00%
18.179533050047212,4236,8702-Lake Oswego - Lake Pl Shopping,-13.04%
15.540446407538287,4245,8918-Tarzana - 19500 Ventura,-16.60%
9.252290018832392,4248,8862-Calabasas,8.91%
15.465682705882356,4250,8860-Buena Park - La Palma,2.52%
15.195365258215965,4260,9086-Corning - Solano,11.03%
9.755987101,4264,8877-Lake Forest - El Toro,16.71%
7.108942217533991,4266,2391-Van Wert - Shannon,-27.58%
27.433909601873534,4270,8341-Sequim - Washington & DU,-32.53%
13.352817395370586,4277,5923-Nampa - Karcher,-8.47%
10.901751051893408,4278,9954-Rancho Cucamonga - Carnelian,23.15%
11.008149010477299,4295,5715-Salt Lake City - Central,14.54%
14.701341976744187,4300,3689-Iowa City - Southwest,-12.14%
15.128880908248378,4316,8615-Portland - Cedar Mill,-14.93%
13.408578703703707,4320,4161-Cobden - Marion,27.65%
15.96554116558742,4324,2849-Nashville - Murfreesboro Road,-11.35%
16.19246578825705,4326,8372-Tacoma - Lakewood,6.18%
12.274185116709033,4327,2070-Chesapeake - 3rd Avenue,-6.31%
14.354170055452865,4328,7727-Lincoln - Edgewood,2.72%
18.077546543778805,4340,2839-Nashville - Bellevue Mall,1.51%
22.150619178710713,4359,3826-Des Moines - Ingersoll,3.70%
17.562566391941395,4368,4566-Paducah - Lone Oak,4.80%
12.899678840447388,4381,4482-Latonia - Winston,-4.98%
3.158778918548939,4383,8924-Ventura - E Main,-38.81%
16.939016363636355,4400,6526-St. Charles - Kisker,0.37%
19.76038046680263,4413,6465-Maryville - 120 S Main,6.18%
15.392116742081447,4420,3647-Coralville - Tenth Avenue,3.40%
0,4445,9318-San Francisco - Irving,0.00%
17.62710881294964,4448,3736-Waterloo - Kimball,2.10%
21.362697078651685,4450,9961-Diamond Bar - Grand,-3.91%
12.135158169571124,4464,8504-Brookings - Fifth St,7.49%
16.74963964165734,4465,9707-Fullerton - Chapman,10.34%
11.55157861775889,4471,5745-Reno - North Hills,-0.79%
11.063197767857142,4480,5797-Reno - Kietzke & Peckham,5.18%
9.852886056556663,4490,7633-Santa Fe - Cerrillos,-0.27%
13.835672191254861,4500,2867-Tullahoma - Jackson,0.98%
13.067856729945754,4520,9962-Corona - Corona Hills,4.18%
12.848028575566325,4524,9742-Oceanside,20.98%
17.58786307420495,4528,2850-Nashville - Nolensville Road,-15.41%
17.631942850838477,4532,9966-Yucaipa,9.10%
19.070915034118425,4543,8596-Oregon City - Hilltop,1.22%
8.071565576186257,4563,8949-San Leandro - East 14th,-17.42%
17.41110293,4566,9009-Los Angeles - Slauson-Crenshw,10.25%
19.070532837127846,4568,1773-West St. Paul - South Robert,-1.16%
13.901209536307961,4572,9119-Napa - Jefferson,4.61%
10.056885720505004,4594,5886-Eagle - Valley,-12.04%
16.54401042601682,4600,5784-Las Vegas - East Tropicana,11.47%
12.36764270199826,4604,8396-Woodland - Goerig,17.15%
10.494577006507592,4610,7616-Bernalillo - Hwy 550,-7.35%
18.399372264355364,4615,1341-Brooklyn Park,-29.28%
10.140934299725943,4622,6304-Pierre,7.31%
16.909178849480973,4624,6373-Columbia - Forum,1.73%
4.81175906,4636,8866-Gardena - 1600 W Redondo Beach,-84.03%
17.890867672413798,4640,2848-Nashville - Hickory Hollow,-11.74%
12.00427510926118,4650,2412-Whitehall - Great Eastern,-0.81%
16.146396396396398,4662,8671-Salem - Silverton & Lancaster,-43.24%
19.937254973262032,4675,8672-Salem - South Salem,0.14%
12.166821885665529,4688,8826-Gillette,-42.52%
24.440863539445626,4690,2380-Strongsville - Pearl Road,-9.73%
14.720378840082361,4700,9876-Costa Mesa - East 17th,-1.69%
16.22911760752689,4704,9233-San Diego - Mission Hills,-21.27%
12.535175685578745,4714,9945-San Dimas - 165 Bonita,13.86%
15.484524343776464,4724,9492-Chico - Chico East,13.15%
18.349498306878306,4725,6506-St. Louis - Tesson Ferry,-4.44%
27.804246777942108,4733,8584-Milwaukie - Oak Grove,0.36%
11.024570389884085,4745,7504-Surprise - Westpoint & Bell,2.46%
10.513246894736843,4750,9087-Crescent City - Third St,-30.71%
13.155081774227456,4757,8328-Seattle - Rainier Valley,-29.32%
19.092724231653772,4783,5926-Orofino - Michigan,-19.03%
12.142631842875051,4786,5635-Highlands Ranch,-14.95%
13.308787847222215,4800,5942-Salmon - Main,5.25%
18.693947740995206,4803,8829-Panorama City - Valley Gateway,-6.69%
24.766347095435695,4820,3668-Des Moines - Highland Park,-10.68%
13.656364447210121,4821,8614-Portland - Bybee & Milwaukie,-2.41%
11.805930757316801,4832,7503-Chandler - Alma School Road,-10.78%
14.171423490488003,4836,1001-Royal Palm Way,2.32%
9.584640289256201,4840,1660-Bloomington - West,-34.45%
19.15776449,4849,4789-Skokie - Golf,-29.87%
13.87729852,4874,2840-Nashville - Broadway West End,-14.70%
16.721311475409838,4880,4189-Glen Carbon - Hwy 159,8.76%
8.001741446424912,4881,8863-Corona - Grand Oaks,17.05%
16.444351556101555,4884,8608-Portland - 42nd & Alberta,-67.36%
17.684279945906724,4890,2920-Knoxville - Hardin Valley,21.52%
10.42254482336124,4897,8544-Halfway - Commercial & Main,-24.75%
13.914720705009277,4900,3332-Mankato - Raintree,-13.27%
14.063073752273187,4949,3934-Germantown - City Hwy Q,-30.54%
13.519664051498692,4971,5912-Meridian - Cherry Lane,19.86%
12.21931771566459,4973,8250-Lynnwood - Forty-Fourth,-9.55%
7.280759401241327,4980,8008-Glendive - Bell HB,-30.15%
11.898568245684466,4982,8605-Portland - 23rd & Lovejoy,-3.36%
16.500632665330663,4990,8383-Vancouver - Andresen,-4.39%
70.79413284,4991,4215-Mundelein - Lake Street,5.34%
16.311296035369327,5000,2419-Xenia - Xenia Towne Square,-7.49%
14.416355815347718,5004,5618-Denver - Colorado Boulevard,-5.42%
13.188940830173614,5011,1460-St. Paul - Highland,-29.95%
24.059798604014354,5019,1345-Burnsville - W Cty Road 42,4.01%
14.457472178060414,5032,8550-Hillsboro - North Hillsboro,-4.39%
11.76029169976172,5036,7437-Peoria - Lk Pleasant-Happy Val,-5.38%
12.278287698412703,5040,4449-Danville - 4th Street,-15.84%
6.7410818181818195,5060,2201-Doylestown - North Portage,-19.74%
12.140572020520917,5068,4035-Waunakee - West Main,-0.95%
7.136256647626553,5077,5375-Sparks - Pyramid & Los Altos,-1.04%
9.447291941064194,5080,3955-Madison - Fitchburg,-19.95%
5.431746507967736,5083,9243-San Diego - Camino Del Rio,10.31%
7.504423843578812,5088,5703-Hurricane - W. State,-15.81%
9.245446712463197,5095,9079-Chico - Second Street,-1.07%
19.530317896389324,5096,8500-Bend - Deschutes Country,-4.58%
10.790479411764712,5100,2371-Somerset - Public Square,5.20%
17.45848125,5120,9731-Escondido - East Valley,11.53%
17.85202915451895,5145,5655-Park City - Park Place,0.54%
12.708816080792388,5149,7619-Clovis - Prince,-7.64%
12.592914967967383,5151,9750-Lancaster - East Lancaster,9.58%
9.821496995541771,5159,9043-Del Mar,7.10%
12.824579595712256,5164,7612-Albuquerque - Sycamore,8.94%
11.533462033462026,5180,5843-Blackfoot - S Ash,-57.04%
13.121681490384635,5200,3743-West Des Moines - Westown,3.25%
9.128207009240485,5202,9072-Arcata - G Street,35.06%
7.228953725038403,5208,2224-Fort Loramie - South Main,6.72%
20.694497699386503,5216,8700-Woodburn - Country Club,10.64%
14.755377203065136,5220,9733-Irvine - Yale,26.35%
16.692105263157895,5225,8590-Newberg - Portland Road,-35.46%
13.70373194497516,5234,8234-Kent - Benson Center,-18.27%
11.80001257142857,5250,4759-Lockport,-23.05%
12.378075737392955,5255,5660-Pueblo - Regency,4.85%
15.267578136882129,5260,6402-Hannibal - McMasters,-2.02%
8.84090928,5280,4703-Bensenville,-24.30%
13.366935441120791,5282,3945-Janesville - Milton,4.30%
11.159562547169815,5300,8394-Wenatchee - N Mission,-9.14%
23.95351404906748,5305,4033-Waukesha - Sunset,4.86%
12.723177065882595,5318,8810-Rock Springs,14.98%
18.618715601503762,5320,2191-Columbus - Worthington Hills,-3.13%
10.191850452135961,5345,5973-Driggs,2.82%
10.050409719626169,5350,9145-Sacramento - Oak Park,33.57%
8.599521373903304,5357,9154-South Lake Tahoe,-8.00%
17.555390059024546,5365,2415-Willoughby - Erie,7.76%
9.712051798024968,5367,5117-Delta - Hwy 92 WSB,-10.33%
20.878443389199255,5370,4744-Hanover Park- Irving Park,-18.01%
5.067195325542571,5391,8239-Kirkland - Central Way,-38.20%
15.142233123145397,5392,2829-Hendersonville - East Main,9.98%
13.746020582236232,5393,9747-Hesperia - 16832 Main,7.04%
14.919062407407411,5400,4724-Chicago - Chinatown Square,8.29%
11.586787564766839,5404,5929-Pinehurst - Country Club Lane,-7.29%
9.708487084870848,5420,5939-Rexburg - E Main,-14.41%
8.732431643,5430,2131-Cincinnati - University,5.18%
16.078281825424693,5439,4026-Stevens Point - Hwy 10,-18.77%
9.073782948782961,5440,2392-Versailles - East Main,10.12%
8.961404474,5454,5900-Jerome - S Lincoln,49.51%
13.987266397947966,5458,8679-Seaside - Avenue A,-6.28%
10.082765384615382,5460,8919-Toluca Lake,-11.13%
20.542267093235832,5470,5311-Henderson - Anthem CB,-9.02%
11.124874588966023,5474,9241-San Marcos,-2.10%
15.087630089465032,5477,4223-Niles - West Dempster,23.23%
13.735596459207883,5479,6409-Independence - Hwy 24,-4.52%
15.426468356739012,5483,6425-Kansas City - Blue Ridge,16.40%
11.575441199964263,5493,2128-Cincinnati - Springdale,-7.50%
16.54576248857534,5500,2855-Rockwood - Gateway,1.12%
10.915821266557794,5511,8508-Central Point - E. Pine,-3.92%
8.981614492753623,5520,2360-Sandusky - Perkins,-17.06%
15.033307414757354,5543,8893-Montebello - W Beverly,17.78%
17.453823953823953,5544,8212-Federal Way - S. 312th,-17.82%
18.584905787955286,5546,4603-Hebron - 2121 North Bend,-1.56%
12.787181420175115,5558,5180-Littleton - Centennial,-9.01%
12.254651534182663,5573,1541-Minnetonka - Hwy 7,-4.31%
9.646117288378766,5576,8339-Sedro Woolley - Woodworth,4.96%
16.081275627240146,5580,3635-Cedar Rapids - Council,16.81%
18.42780233,5590,9755-Palm Desert - 72260 Hwy 111,25.01%
10.477285714285719,5593,3906-Bayside - Brown Deer Rd,-31.97%
33.21336103663985,5595,4710-Blue Island,2.67%
7.199333035554764,5597,5872-Buhl - Main,-21.13%
12.168928233006918,5600,6505-St. Louis - Sunset Hills,0.07%
14.424217914438495,5610,5887-Emmett - S. Washington,32.38%
24.722529600000005,5625,4222-New Athens - Spotsylvania,-1.46%
20.661931818181817,5632,8286-Redmond - Bear Creek,-13.71%
6.945339893617021,5640,9093-Eureka - 5th & I,19.20%
15.251753049319428,5657,8697-Vale - A Street,24.18%
8.915006960059966,5660,5890-Glenns Ferry - E. Idaho,-6.69%
9.275573192,5670,8104-Bremerton - 6th & Naval,-14.72%
22.94218996826516,5672,3978-Milwaukee - Howell @ Norwich,3.67%
14.613474621078602,5674,6396-Ferguson - Florissant,11.58%
14.703482061202951,5686,9732-Yucca Valley - 57550-29 Palms,28.68%
8.713675272216369,5694,5919-Mountain Home - N Second,-8.23%
14.52455364354697,5695,8235-Kent - Covington,-25.28%
14.428909907552768,5733,5508-Aurora - Colfax,-5.15%
12.97771609654454,5759,5714-Salt Lake City - 70th South,27.63%
13.10060411421793,5766,9713-Torrance - Pacific Coast,-16.45%
11.957241536684004,5770,9042-Carlsbad - Village Drive,-5.17%
22.13012094989356,5778,4004-Oshkosh - Southwest,-7.67%
22.93462696629214,5785,9944-Chino - 12801 Central,2.70%
13.206612925522723,5787,5935-Post Falls - E Seltice,11.38%
13.733793955094992,5790,5910-McCall - N Second,4.29%
16.719594210804644,5795,1741-Andover - Bunker Lake,3.56%
16.780921511126444,5797,8861-Burbank - San Fernando,5.56%
20.449518282166267,5798,5425-Orem - 1220 S State,43.04%
10.05218385057471,5800,7603-Albuquerque - Juan Tabo,2.05%
15.071293592166294,5821,8610-Portland - 82nd & Causey,-34.15%
17.59300463598901,5824,9258-Anaheim - West Lincoln,9.22%
15.893515219293974,5876,5700-Bountiful - 278 South,-18.63%
15.275177260367101,5884,5123-Dillon - Anemone Trail WSB,-8.91%
7.843141304347824,5888,9070-Angels Camp - S. Main,10.59%
9.130022977530679,5903,8659-Roseburg - Garden Valley,5.71%
23.05586028,5912,6479-O'Fallon - O'Fallon Square,3.88%
11.51374124809741,5913,8516-Cornelius - Adair,-12.92%
12.327210855596888,5914,8577-Medford - North Medford,12.58%
13.898140321217245,5915,8570-Lebanon - Southgate,4.07%
18.836103030303036,5940,1830-Minneapolis - South Mpls,-10.98%
8.178384318,5943,8160-Great Falls Autobank,-3.74%
14.39394449116905,5945,8689-Stayton - North Third,-3.77%
7.701622521008401,5950,9099-Fortuna - 11th & L,11.75%
23.700601580878146,5966,4394-Homewood - S Kedzie,2.17%
6.825912927439533,5995,9960-Rancho Cucamonga - Terra Vista,-62.94%
8.496832805467578,5999,8556-Junction City - W Sixth,1.05%
13.95449338985283,6000,1651-Minneapolis - West Broadway,-3.59%
19.90108433645075,6010,2156-Cleveland - Lorain 98th,-3.88%
17.227830091438076,6015,8329-Seattle - Roosevelt,-11.00%
13.627881196864307,6038,5138-Norwood - Grand Ave WSB,-2.83%
11.130859614325068,6050,2170-Columbus - Cleveland Avenue,-13.26%
10.10072645395779,6053,9328-San Jose - Willow Glen,-9.28%
16.314276588949223,6060,2918-Knoxville - Bearden,36.85%
16.45312895778364,6064,7629-Portales - 1st Street,-5.35%
9.077282460580102,6071,5928-Payette - S. Main,-0.63%
13.029429700362202,6074,9138-Sacramento - Alhambra,25.93%
13.45921052631579,6080,3324-Grand Rapids,-0.45%
21.115313003452243,6083,4192-Glen Ellyn - Roosevelt,8.00%
11.284262786885247,6100,6563-St. Louis - Union Rd,13.00%
8.987315531602155,6123,5850-Boise - Chinden,-8.44%
12.132996910569105,6150,6560-St. Louis - St. Louis Hills,8.98%
8.364982618583495,6156,9137-Roseville - Estates,5.77%
12.559456574675323,6160,9098-Folsom - E. Bidwell,17.29%
12.700560441343502,6163,9714-Palm Springs - Palm Canyon,15.24%
18.67130549062147,6166,5070-Colorado Springs - Chapel Hill,-35.15%
8.585922628682422,6178,9148-San Leandro - Bayfair,-2.87%
15.255243626976444,6198,8547-Hillsboro - Tanasbourne,-0.65%
14.860247612903224,6200,3627-Burlington - West Ave,4.93%
12.146116567380457,6211,9224-Santa Monica - Pico,-15.23%
10.923181745009655,6212,9084-Concord - Clayton Road,-8.51%
13.39030465,6276,4722-Chicago Heights - Dixie,-2.88%
10.461300320903296,6300,4009-Princeton - Pearl,9.05%
22.912586392405068,6320,4414-Lemont - State,-5.24%
9.37541581,6325,9192-El Toro - Lake Forest,36.57%
19.72814920183341,6327,7530-Bullhead City,1.02%
16.48546048488665,6352,6488-Poplar Bluff - Westwood,2.75%
17.336172934697085,6355,2801-Brentwood - Franklin,-14.99%
12.427703360552764,6368,9751-Lancaster - Valley Central,17.54%
8.289410971586998,6376,9302-Millbrae,-3.43%
13.390791119449656,6396,8666-Keizer - Main,-20.49%
14.515292187500002,6400,3917-Cumberland - 2nd Avenue,-12.95%
5.668197417548227,6428,8871-Huntington Beach - Beach Blvd,9.61%
7.412740711192736,6429,9305-Pacifica,6.66%
23.05618494,6440,6486-Plattsburg - South Main,15.38%
8.613358491,6447,5873-Burley - Main,-2.45%
12.767698449612405,6450,3606-Des Moines - SW 9th Street,8.85%
13.446304832713757,6456,5270-Arvada - West,23.55%
9.093983731581043,6480,6343-St. Louis - Bissell Hills,40.32%
9.442594415303919,6482,8571-Lincoln City - Fifth Street,37.72%
19.771320326958666,6484,4741-Frankfort,14.46%
10.14152295839753,6490,9749-Redlands - 640 Orange,3.74%
7.546557538461538,6500,8267-Othello - E Main,0.92%
16.544546850998465,6510,3724-Spencer - Grand,9.56%
23.95461471264368,6525,4734-Elmwood Park - W Grand,-9.49%
7.945522518382352,6528,8889-Los Angeles - Larchmont,-8.70%
17.93465391,6530,8319-Kenmore,-22.01%
13.649674560733384,6545,8323-Seattle - Northgate,-5.44%
16.131130328867233,6568,3160-Rochester - 4th St.,10.36%
12.631466651473708,6582,9089-Davis - F Street,2.26%
10.757055159872712,6599,8086-Gig Harbor - Stinson,1.34%
18.210994949494946,6600,2134-Cincinnati - Western Woods,28.67%
17.926435963192027,6629,3969-Milwaukee - Capitol @ Lisbon,0.63%
25.081773533834586,6650,4270-Wheeling - Wheeling Road,12.79%
18.843563551682696,6656,4304-Algonquin - 798 S Randall,-5.06%
8.596051543812232,6661,7625-Los Lunas - Main,-2.55%
13.551613517550413,6695,3920-Delavan - East Geneva,-1.36%
15.705524129353238,6700,3210-Willmar,3.84%
11.448202565632458,6704,5855-Boise - Fairview & Cole,-3.05%
8.489163271375466,6725,9123-Patterson - Plaza Circle,16.00%
3.591769706093185,6750,9314-San Francisco - BayView,-46.35%
17.705636686390537,6760,3935-Glendale - Bayshore,-21.93%
34.54984377302874,6785,4760-Lombard,62.39%
16.223938575899794,6816,8587-Monmouth - E. Main,-37.07%
8.105601052193176,6828,8278-Pullman - 301 E Main,-7.01%
25.363538674839457,6852,5540-Fort Collins - Howes,-8.93%
5.744531933508312,6858,1846-Minneapolis - University,-13.86%
13.998103748910196,6882,5881-Coeur d'Alene - Fourth Street,-25.34%
59.41781577800377,6883,3338-Moorhead,-42.68%
22.01712378464664,6891,6449-Lake St. Louis - Lake St. Loui,52.54%
3.5613231415736846,6901,9019-La Jolla - Girard Ave,-100.00%
5.808252596653204,6932,9227-West Hollywood - Santa Monica,-30.29%
10.380611878055797,6954,6874-Kansas City - Turner Road,17.65%
11.593165566714493,6970,8517-Corvallis - North Corvallis,3.54%
13.823645355504587,6976,5906-Lewiston - Orchards,-8.31%
6.359988535396962,6978,8519-Cottage Grove - N Seventh,-3.86%
17.62202162084765,6984,8392-Walla Walla - E Alder,-9.95%
9.099971035714288,7000,4147-Carlyle - 8th Street,42.14%
27.47095294453159,7013,6525-St. Charles - Harvester,23.83%
10.72544526480193,7043,2924-Maryville - Foothills Mall,-11.17%
13.214528944381385,7048,5847-Boise - Broadway,1.57%
9.293402581,7052,7532-Prescott - Hwy 69,-28.22%
14.076891673746815,7062,4583-Richmond - East Main,-14.50%
14.506810848989973,7079,8912-Sherman Oaks - Ventura,10.40%
11.795304882970141,7080,8928-Woodland Hills - Topanga Canyn,-30.46%
15.134988993932549,7087,8643-Portland - Sandy Blvd,0.60%
4.091058115225601,7117,8684-Springfield - Main,-85.56%
16.21242978,7120,8558-King City - 116th Avenue,-28.92%
13.048281025983705,7124,6404-Hermitage - Spring & Polk,-54.25%
8.958525868853293,7162,7700-Blair - Main,0.75%
21.70128878348214,7168,8408-Yakima - Yakima Ave,7.22%
10.117570472605603,7173,8560-Klamath Falls - Town & Country,6.00%
11.55546892789374,7208,9295-Fremont - Fremont Blvd,-10.50%
8.464472513812154,7240,2108-Cincinnati - Mount Healthy,2.97%
13.477214216701173,7245,8663-Salem - Center & Lancaster,-27.82%
11.357887999999997,7250,6302-Mitchell,-23.35%
6.175556426116838,7275,9738-San Bruno,4.95%
9.83628699,7279,5200-Pueblo - North,20.14%
8.970027534246576,7300,9216-Santa Fe Springs - Telegraph,2.53%
23.216475603633167,7303,6661-Malvern - Main,-18.36%
12.93155335157319,7310,1802-St. Anthony - Apache Plaza,-5.12%
7.851016662114174,7322,8894-North Hollywood - Laurel Canyn,16.79%
8.735048717248908,7328,4204-Jacksonville - West Morton,0.88%
10.104627629257704,7369,6298-Jennings - Westfall,-24.71%
16.986104956535375,7392,8685-Springfield - Mohawk & Northga,0.47%
16.81677540540541,7400,6376-Creve Coeur - Bellerive,1.37%
12.705752937998108,7403,7432-Scottsdale - 4253 N Scottsdale,2.91%
17.019130040322576,7440,4195-Granite City - Nameoki Road,7.16%
7.971113925747222,7461,4206-Loves Park - North 2nd,-3.24%
13.134609826203208,7480,9711-Cerritos - South Street,18.30%
14.46398457777778,7500,4137-Belleville - East,-2.74%
8.336766124733476,7504,2080-Cincinnati - Clifton,12.60%
13.80690775,7525,3848-Mason City - Downtown,9.62%
13.566478779840848,7540,8364-Sunnyside - 7th & Franklin,-2.62%
11.99512319031324,7598,2800-Ashland City - Main Street,-10.12%
48.620476378470855,7599,6392-Fenton - 700 Gravois,-11.17%
15.430390526315783,7600,4225-Northlake - North Avenue,-3.80%
10.54936948529412,7616,5892-Grangeville - E. Main,-22.17%
14.52740338227583,7628,2081-Cincinnati - Colerain Hills,10.56%
20.80695825,7640,8231-Kennewick - Columbia Center,-34.56%
9.907873306,7642,6484-Perryville - Saint Maries,13.36%
6.859433594771243,7650,8178-Bellevue - Factoria,-35.36%
8.808330525078373,7656,8221-Grandview - E. Second,-8.99%
10.653924869791668,7680,8014-Great Falls - 3rd Street HB,-16.61%
8.204711087975014,7684,5932-Pocatello - N Yellowstone,-35.06%
12.408428853497918,7689,3967-Mequon - Port Washington,13.77%
5.458793506493508,7700,4231-O'Fallon - Lincoln Avenue,-47.06%
23.734359143968874,7710,5323-Stateline - Kingsbury CB,0.05%
24.918445628450378,7789,7366-Williston,7.05%
8.397705619377414,7797,5856-Boise - Franklin Road,-25.43%
8.965309694793536,7798,2802-Church Hill - East Main,-1.52%
12.800145435923698,7811,8546-Hermiston - SE Second,0.78%
10.710644757033245,7820,3715-Red Oak - Reed Street,-7.60%
16.237230965763924,7828,6889-Pittsburg - North Broadway,14.62%
13.840635586734697,7840,8595-Ontario - SW First,23.40%
13.629587598675831,7854,2075-Cincinnati - Anderson Hills,1.50%
13.232359776252224,7866,5729-St. George - Main,-4.54%
18.61904156603534,7867,8514-Coos Bay - W Anderson,8.61%
10.175271619047615,7875,4145-Carlinville - East Main,-10.84%
12.369082278481013,7900,4475-Hopkinsville - South Main,17.39%
9.526408527327934,7904,8200-Colfax - N. Main,-5.24%
8.813061443985307,7920,9266-Los Alamitos - Pine Street,23.48%
9.026000378453386,7927,1430-Forest Lake,-16.07%
7.688429544,7934,3708-Onawa - 10th Street,-3.53%
13.164093480372596,7955,7767-Omaha - Grover,15.73%
18.08145135845749,7987,7140-Fargo - South,8.08%
10.130053705558336,7988,8613-Portland - Burlingame,-6.99%
11.621667541885468,7998,4139-Bethalto - Airport Plaza,2.52%
12.66921774143146,8000,3615-Ames - University,-19.27%
12.897278922609344,8007,8707-San Diego - Ponderosa,12.59%
11.01626429463171,8010,3928-Elm Grove - Elm Grove Road,2.12%
17.378229618548996,8022,9948-Glendora - South Grand,3.92%
12.198176712328765,8030,8352-Spokane - Manito,-0.60%
14.426704897044685,8034,8270-Pasco - N 10th,-23.42%
23.402066144473455,8043,8294-Richland - Jadwin,-8.50%
8.030479935,8049,8656-Prineville - E Third,-18.99%
18.04575334086199,8050,7360-Wahpeton,-14.97%
12.84077992565056,8070,9141-Sacramento - Country Club,-9.80%
14.80911330049261,8120,8677-Sandy - Proctor,-5.37%
7.22164944,8127,4772-Oak Lawn - Cicero,19.40%
11.699978362429306,8134,2094-Cincinnati - Hyde Park Edwards,5.29%
10.503472986247544,8144,5585-Boulder - Main,2.73%
14.836258700980395,8160,2065-Centerville - 360 North Main,-6.60%
4.1157792,8188,3701-Mount Ayr - Fillmore,-11.76%
8.277137471,8249,5921-Nampa - First Street,-6.97%
10.198079946782775,8268,6040-Sioux Falls - South,-1.55%
9.498286733583262,8269,8236-Kent - N. 4th,0.03%
11.58096605681271,8308,8604-Portland - 181st & Glisan,-5.52%
14.248190990990986,8325,4168-Downers Grove - 63rd Street,-1.71%
19.897355690331793,8409,5564-Denver - South Federal,-14.78%
9.342006974,8460,6355-Branson West - Hwy 13,-4.73%
8.106105126387902,8466,4790-Skokie - Dempster,-45.57%
6.935570486,8484,1659-Wayzata,-27.62%
11.19834894117647,8500,9203-Laguna Niguel - Town Center,-13.35%
12.281333333333338,8544,6439-Kansas City - Waldo,-2.61%
13.092469764183981,8566,4032-Two Rivers - Washington,0.76%
14.463178205128203,8580,8256-Moses Lake - E Third,25.74%
7.254520603,8600,6467-Memphis - Market,-7.94%
5.441593125870877,8612,8940-Oakland - Montclair,18.68%
13.192692129629632,8640,9114-Modesto - McHenry,-6.01%
16.60403698994336,8651,8607-Portland - 39th & Salmon,9.73%
16.244181786663585,8653,8841-Sacramento - National Dr,-9.46%
8.802282882,8675,1005-Naples - Strada Place,17.22%
14.593206042481366,8694,8292-Renton - S. Second,-11.15%
6.209631137173738,8697,8593-North Bend - Virginia,-27.50%
22.688849330737877,8700,7765-Omaha - Empire Park,12.10%
9.432744175370136,8713,8579-Medford - South Medford,3.20%
10.874700966458214,8795,9190-Downey,13.63%
13.985866901568544,8798,4141-Bolingbrook - Bolingbrook Dr,7.01%
7.392543347346891,8801,5133-Granby - Agate Ave WSB,-2.55%
4.037071614730879,8825,2048-Bedford - Broadway,27.81%
11.599881588458167,8881,8009-Billings - 24th Street HB,-11.99%
9.505944808202981,8895,9109-Livermore - Second Street,15.96%
11.809550561797753,8900,3732-Vinton - West 4th,27.40%
18.841304095525054,8961,6855-Topeka - Crosby Place,25.49%
18.919942099988866,8981,4053-Wisconsin Rapids - Grand Ave,-44.05%
10.535318065591996,8995,6887-Overland Park - Hawthorne,17.15%
11.685911444444447,9000,2036-Ashtabula - Park,-6.06%
1.5508082012299473,9009,7638-Taos - Main,-32.23%
12.281254077443691,9013,7635-Santa Fe - San Mateo,21.45%
13.654726678484378,9026,4726-Chicago - Commercial,-88.15%
14.668253351057942,9027,8695-Tillamook - Main,-1.31%
11.518312264777505,9034,4534-Mayfield - South 7th,-0.81%
11.484272975163941,9046,3954-Madison - East Towne,-10.45%
13.326468287292814,9050,9767-Indio - Highway 111,9.44%
12.371478621146835,9051,5944-Sandpoint - Main,-0.26%
8.734146050180781,9127,3607-Davenport - Utica Ridge,27.60%
16.496292998477927,9198,8541-Grants Pass - SW Sixth & DU,-3.31%
9.469293478,9200,6680-Sheridan - North Oak,-0.40%
32.44243613414793,9214,6532-St. Joseph - Ashland,-2.24%
12.40929014084507,9230,9723-Los Gatos - Blossom Hill,13.97%
7.6161457972270385,9232,5896-Idaho Falls - First Street,-1.57%
13.427123512544838,9300,6641-Heber Springs - Main,23.55%
10.414360901080432,9306,6588-Willow Springs - East 3rd,18.87%
22.655203880373023,9329,3981-Milwaukee - Mitchell @ 10th,0.73%
17.88000832355138,9371,6483-St. Louis - Overland,2.44%
7.012758604126372,9400,3713-Pella - Broadway,-8.58%
6.337975646070403,9403,1745-Circle Pines - Centennial,-13.41%
6.841218537414965,9408,2139-Circleville - East Main,15.57%
6.4175262767535495,9438,1752-Hugo - Forest Blvd,-7.82%
8.338226917388548,9466,6365-Chesterfield - Hilltown,-0.42%
9.917238427,9483,8640-Portland - Peninsula,-30.69%
15.889142555883595,9484,5060-Colorado Springs - Academy,12.87%
9.197702212855638,9490,3050-Brainerd,-39.96%
31.34571202864967,9494,5556-Denver - Monaco Square,2.05%
13.393582628183363,9500,1758-Minnetonka - Plymouth Rd,16.38%
12.503209713024283,9513,8543-Gresham - East Powell,-33.60%
7.474895397,9560,7774-Bellevue - Southroads,12.27%
4.604949916701375,9604,8804-Riverton,-25.33%
17.579310646269118,9609,2207-Eaton - Preble Main,3.29%
15.309553850156087,9610,3190-Owatonna,13.75%
8.224783991683992,9620,2126-Cincinnati - Roselawn,14.84%
9.843442435577725,9624,4545-Murray - Main Street,-7.64%
10.89540483603155,9636,4393-Hinsdale - West 2nd,-4.49%
8.842696967295735,9662,2112-Cincinnati - Norwood,20.59%
17.19936126571841,9702,8204-Ellensburg - N. Pearl,20.64%
8.237915413146505,9706,9270-Paramount - Paramount Blvd,12.84%
6.638623766447368,9728,3958-Madison - West Towne,-2.73%
9.284566663255912,9773,9719-San Diego - Rancho Bernardo,-12.46%
14.668729460171127,9800,4259-Springfield - Veterans Pkwy,-21.53%
5.375907910750508,9860,8591-Newport - Yaquina Bay,-6.12%
9.049422089626457,9861,8903-Placentia - E Yorba Linda,15.48%
17.688338943526315,9863,3983-Milwaukee - North @ 52nd,5.08%
65.34300423771566,9911,3957-Madison - Sauk Trails,-11.07%
15.445757734556079,9923,1580-Plymouth - Main,12.51%
23.273774330042315,9926,8505-Burns - Harney County,11.98%
10.138317423743699,9996,8811-Jackson - Powderhorn,-4.35%
10.346359156860164,10000,2169-Columbus - Schofield Dr,1.66%
13.859016201172844,10061,5554-Loveland,38.09%
8.695935531936028,10067,1810-Minneapolis - Centre Village,3.70%
12.978530101811003,10090,4038-Wausau - Stewart Avenue,-0.11%
5.547870185166849,10099,8828-Laramie,-0.05%
6.1642749638802945,10200,2420-Yellow Springs - Xenia Avenue,-21.62%
9.925542840375586,10224,5426-Roy,11.14%
10.173778981264638,10248,4541-Morehead - East Main,-5.80%
15.446277392916379,10249,6381-Des Peres - Manchester,8.12%
7.903912937506095,10257,6084-Sioux Falls - West,-36.77%
11.023902796528446,10370,6430-Kansas City - Clay County,-9.66%
10.309928892287108,10463,9180-Anaheim - La Palma,28.57%
7.562834480122324,10464,5876-Caldwell - Cleveland,-1.51%
15.633558029020584,10542,8896-Newport Beach - Westcliff,-45.05%
9.641157735849056,10600,3176-Mankato - City Center,-7.45%
15.92526941407345,10701,3984-Milwaukee - Good Hope,2.99%
11.899756673797787,10751,2145-Cleveland - Clark 25th,33.65%
12.055091046564726,10784,6498-Rolla - 6th St,-0.39%
11.475588289790624,10794,5908-Malad City - 25 East,1.69%
10.63333453570107,10812,4785-Rolling Meadows - Kirchoff,-17.73%
19.52800775,10967,3985-Milwaukee - Oklahoma @ 74th,-13.10%
20.04635034633613,10972,4125-Elk Grove Village - Lively Blvd,5.06%
5.621558217930029,10976,6386-Eldon - Hwy 54 & Aurora,-36.84%
18.24168036627228,11000,4156-Chicago - Edgewater,-15.64%
7.891069883678662,11004,6667-Mountain Home - Main,2.80%
16.502844174669328,11038,4392-Geneva - 808 W State,-13.00%
16.894498782357715,11087,5831-Las Vegas - Pilot Road,-4.53%
12.061634514790764,11088,8338-Seattle - White Center,6.44%
6.050051867777481,11163,8215-Ferndale - Main,-20.44%
14.873457342157039,11182,8572-Madras - SW C Street,-5.65%
15.331498927422242,11188,3659-Des Moines - 4045 Merle Hay,-4.42%
20.740292225201078,11190,9600-Tempe - S. Kyrene,-22.11%
10.589593568557392,11195,5858-Boise - Hillcrest,-3.40%
8.423950469,11205,2925-Sevierville - Parkway,3.41%
0.095504177,11211,5941-Rupert - Fifth Street,-16.39%
9.923328585417964,11233,3619-Ankeny - Des Moines,-7.79%
8.498991976788943,11259,5976-Victor,-6.06%
13.80528818718768,11360,2309-Miamisburg - Central,9.36%
11.979818451860915,11446,1757-Minneapolis - Nokomis,5.95%
17.83616027206139,11468,8621-Portland - Eastport,53.79%
6.9574493043478265,11500,5903-Kuna,8.14%
10.857847805595686,11533,9325-San Francisco - Palm-Geary,-11.85%
13.18441709577755,11652,2416-Worthington - High Street,2.98%
15.16016185,11690,5634-Golden,-23.20%
10.334707863247859,11700,4207-Marion - North Carbon,3.41%
10.009055290102392,11720,2099-Cincinnati - Lockland,-4.70%
7.874049451476794,11850,8198-Clarkston - Sixth,15.86%
13.439968072592842,11902,1570-Blaine - Northtown,-9.74%
12.530938821752262,11916,8486-Astoria - Duane,-3.98%
8.791965949970717,11953,3186-St. Cloud - Midtown,35.03%
7.127888638888889,12000,5808-Winnemucca - S. Bridge,3.10%
31.292295081967215,12200,6527-St. Charles - West Clay,-32.14%
9.110990879846481,12220,3612-Ames - Main Street,8.94%
9.676817049340496,12282,8600-Pendleton - SW Court,22.71%
9.132391138211382,12300,9126-Pleasanton - Main,4.21%
11.035015161342633,12334,2283-Valley View Cash Vault,-5.62%
11.935786152851836,12378,8561-La Grande - Adams,3.24%
5.831819929,12384,3718-Rock Rapids - South 2nd,11.08%
12.682133204891468,12457,8574-McMinnville - E. Third,25.23%
15.423154093097914,12460,8601-Portland - 102nd & Washington,-41.82%
10.46892992,12500,5664-Littleton - Southglenn,-19.69%
28.228327223461896,12548,3908-Brookfield - Brookfield Square,-5.68%
7.356895745077101,12600,3727-Tipton - East 5th,1.38%
16.221695524519916,12602,5423-Layton - W Hill Field,6.43%
16.261824885157612,12626,3020-Alexandria,10.29%
10.667707720297424,12642,8488-Baker City - Main,-1.00%
9.088362322274879,12660,8080-Billings - West,16.52%
11.852101515271045,12677,8626-Portland - Hollywood,0.72%
22.07526027397261,12702,4143-Burbank - West 87th,-6.39%
8.207584775628476,12769,3972-Milwaukee - Farwell @ North,5.79%
16.37864121,12800,6406-High Ridge - High Ridge Blvd,-22.46%
8.194549285881525,12813,9263-Hacienda Heights - Hacienda Bl,11.90%
11.623870000141872,12814,8518-Corvallis - NW Monroe,30.20%
14.192781511303806,12916,2349-Portsmouth - Chillicothe Main,-6.22%
16.01631601964094,13034,1370-Cottage Grove,29.56%
8.928204109799111,13042,4021-Sheboygan - Southwest,-21.78%
6.861382551,13044,9234-San Diego - Point Loma,-4.68%
9.957913300941392,13172,2453-West Chester - Union Centre,5.27%
6.7728477,13190,9717-Los Alamitos - Ball Road,-28.11%
12.195730751879701,13300,4164-Crystal Lake - Commonwealth Dr,-6.42%
2.9219077727952163,13380,5652-Pueblo Downtown,6.99%
10.157602449223416,13392,4396-Lisle - Ogden,26.97%
9.987154200743491,13450,9124-Placerville - Sacramento,0.24%
13.602689222222219,13500,6429-Kansas City - Central Avenue,-0.06%
10.15910350036846,13570,1812-Columbia Heights,-13.12%
5.929999412,13616,3060-Cloquet,8.54%
10.796785007694002,13647,8496-Beaverton - Hall Blvd,-9.43%
10.097200864089045,13656,6494-Richmond - North Main,24.11%
5.868751151736746,13675,4805-Wilmington,-21.58%
10.136298244335979,13727,9226-Santa Monica - Wilshire,-21.76%
16.154823943156536,13933,8657-Redmond - SW Sixth,9.90%
19.651941043083895,14112,6416-Joplin - Northpark,-9.45%
13.309151444350045,14124,3941-Greenfield - South 27th,-2.73%
7.426727530077848,14130,8265-Olympia - Capitol,-25.31%
14.632179116970077,14337,6558-St. Louis - South County,1.75%
8.65382873,14375,8808-Sheridan,12.23%
12.009769102528477,14396,2827-Gallatin - Nashville Pike,-5.73%
4.888588487913003,14437,4345-Lawrenceburg - Walnut,-1.91%
4.860193233706932,14454,9655-Rocklin - Technology Way,-16.50%
6.401530766039825,14464,4797-Chicago - W 63rd,-6.31%
33.47568568294021,14584,6644-Hot Springs - Main,-51.65%
11.84737373396354,14810,3988-Milwaukee - Villard @ 37th,-5.79%
7.130277897719608,14822,9722-Cupertino - De Anza,-16.03%
14.984524290135917,14862,8634-Portland - Martin Luther King,-30.73%
10.240587893333336,15000,2807-Clarksville - Madison St.,-19.09%
9.835104943166797,15132,3951-Lake Geneva - Center,-10.42%
9.376572584,15210,6492-Raytown - Gregory,-10.05%
13.418890303666778,15236,3709-Ottumwa - East 3rd,-12.97%
18.319532611548563,15240,5113-Avon - WSB,-3.81%
10.97968835027295,15274,6635-Conway - Main,8.64%
11.10403221902395,15286,3913-Butler - Hampton,-11.94%
14.915466396103893,15400,5721-Salt Lake City - Midtown,5.25%
11.09528414195526,15490,4778-Orland Hills,-34.66%
9.404647730934903,15515,9705-Downey - Florence,-4.55%
12.602549240953214,15539,8691-The Dalles - Washington,60.31%
10.386015540714103,15572,6010-Aberdeen,-6.35%
9.307809506855683,15584,1300-Apple Valley - Garrett Ave,2.03%
8.073363995848924,15608,3110-Fairmont,-5.66%
11.627270868901238,15705,4221-Naperville - White Eagle,11.49%
7.018803914093278,15738,8502-Bend - NW Oregon,-1.71%
0.17094216500729278,15769,8279-Pullman - 345 E Main,-31.30%
13.541487477864912,15812,5633-Lakewood - Green Mountain,34.75%
5.067070095814422,15864,3629-Cedar Falls - Washington St,-15.41%
9.655221067221067,15873,4133-Alton - Upper,-5.90%
8.235211757,15957,4008-Portage - Wisconsin Street,-41.97%
17.871428186826943,15972,5139-Telluride - Colorado Ave WSB,-2.86%
8.585400906250001,16000,4531-Martin - Main Street,-4.00%
13.611120028849282,16235,4010-Brown Deer,-51.97%
12.133742331288344,16300,3010-Albert Lea,22.08%
9.768288246840878,16302,8979-San Diego - Federal,3.50%
17.255061471649643,16349,6356-Bridgeton - State,16.46%
8.859173878107946,16490,1450-St. Paul - Grand,2.24%
3.5239232156815574,16631,5975-Ketchum - Main Street,-5.54%
19.357851880643423,16723,4802-Westmont - Cass,6.57%
5.763570967934557,16747,3650-Council Bluffs - 421 Broadway,2.19%
8.272107511484995,16761,1640-White Bear Lake,3.19%
10.776878453970975,16880,5636-Lakewood - Carr & DU,23.49%
20.970069289940827,16900,4180-Fox Lake - Grand,-8.37%
10.467398499558694,16995,1769-Stillwater - 213 Chestnut,-24.46%
8.509657205882355,17000,6366-Chesterfield - 1050 Woods Mill,16.83%
11.944568341121496,17120,8020-Butte,-5.09%
13.947499459700492,17168,7816-Hastings,-58.00%
25.056752629314975,17173,7851-Omaha - 90th & Center,0.28%
21.972951666375852,17193,1763-Roseville - Snelling Avenue,2.64%
15.069488766328012,17225,4233-Park Forest - Indianwood Blvd,0.12%
8.080561001768077,17230,4373-Chicago - East Side,29.46%
5.324871188405796,17250,3642-Chariton - Braden Ave,-7.31%
12.328544881798736,17301,5709-Ogden - Washington Blvd,35.67%
7.905973083809853,17313,2213-Fairborn - Central,8.78%
12.079441391941392,17472,3702-Mount Pleasant - E Washington,10.37%
11.505278223537847,17505,5640-Longmont,4.80%
6.511575307377049,17568,8060-Miles City,-10.63%
6.262780588568196,17670,5950-Twin Falls - Shoshone,-11.62%
3.8090850834763637,17680,3614-Ames - Theater Building,13.11%
11.413919219270042,17727,2853-Newport - Main,-20.48%
16.488428032010816,17744,6454-Lebanon - Jefferson,4.75%
11.838968272686435,17808,3970-Milwaukee - Midtown,4.29%
9.429275744156065,17839,8660-Roseburg - SE Main & Drive-Up,-24.62%
44.31034525799622,17946,4717-Calumet City,18.34%
8.744852734223505,18049,6423-Kansas City - Red Bridge,-1.04%
19.033547807332855,18083,5666-Littleton - Southwest Plaza,0.47%
18.20715908,18098,6886-Overland Park - 87th Street,5.27%
3.3806358220709267,18168,5546-La Junta,-37.27%
6.9325065148748966,18233,3927-Elkhorn - Walworth,-9.37%
5.366448542534206,18491,4014-Rice Lake - North Main,-17.31%
10.39304331359684,18747,3646-Clinton - South Third,13.73%
6.8004759372367305,18992,4413-West Dundee - West Main,-11.94%
10.11473188742577,19365,8931-Concord - 1875 Willow Pass,-19.13%
11.162471171217675,19373,1530-St. Paul - East,58.08%
19.747809683062357,19436,4197-Highland - Highland Square,11.99%
11.247864053888549,19596,5030-Aurora - 941 S Havana,18.70%
8.559398521369255,19748,4140-Bloomington - Eastland,3.37%
4.767352333704568,19754,9171-Woodland,-4.96%
10.065521699999998,20000,8246-Longview - Hudson,1.12%
10.53748729,20142,8187-Bellingham - West Holly,4.86%
13.501324930357157,20313,5126-Estes Park - Elkhorn Ave WSB,3.42%
11.678930398425969,20330,5132-Glenwood Springs - Main WSB,8.60%
9.901826035735324,20372,6390-Farmington - N Washington,2.53%
7.6750728186274495,20400,6340-Affton - Heege,-60.40%
12.964603924241686,20539,2866-Springfield - Memorial Blvd,6.82%
9.755985821038513,20876,4821-Chicago-Archer Ave,-1.90%
9.550743349,20944,4262-Sterling - 4th Avenue,7.71%
9.573209285714285,21000,7050-Minot - Main,-8.70%
7.962747359908667,21022,2061-Cambridge - Wheeling (Main),-0.84%
6.060730228842629,21281,8040-Havre,3.55%
13.414551377890739,21399,3706-Newton - West Second,6.80%
13.027530555555558,21600,9133-Redding - Pine & Placer,11.19%
9.444591813400411,21865,8646-Portland - Stadium,-6.36%
14.141046409335727,22280,3674-Des Moines - Wakonda,23.76%
0.5697767833407176,22570,9051-San Diego - Downtown Branch,-73.64%
9.829510196424629,22655,4379-Chicago - Norwood Park,-17.74%
7.054811093460417,22662,2820-Decherd - 1910 Decherd Blvd,-45.71%
2.759320944,22789,6891-Prairie Village - Mission Road,-21.50%
10.784117613907311,23067,8070-Missoula - Southside,-3.82%
8.521636809,23668,9938-Largo - Building 1,6.13%
11.821381916666672,24000,3684-Dubuque - West 7th,-10.23%
20.88977423638777,24347,7881-Omaha - 72nd & Dodge,-6.61%
1.3554361986118528,24349,9361-Sacramento - Capitol Mall,-0.85%
10.081523039148278,24461,4354-Richmond - 800 East Main,7.33%
11.320321320000001,25000,4209-Mattoon - Charleston,-11.78%
12.249110016774356,25150,3903-Appleton - Durkee Main,5.40%
25.16463836023291,25589,5610-Aurora - Alameda,3.15%
10.773686363990954,25638,4153-Chicago - Belmont,5.12%
13.878866900130792,25759,4220-Naperville - Downtown,-12.53%
19.310077519379846,25800,2863-Sparta - Main,-3.11%
29.874952980769244,26000,2903-Knoxville - 7207 Chapman,-10.01%
31.968921748474497,26057,3735-Waterloo - Cedar St,2.55%
7.334299789554238,26135,3960-Manitowoc - Washington,0.17%
5.0263120785253985,26692,6445-Kirkwood - 470 N. Kirkwood,-36.27%
16.37799734082397,26700,7745-Norfolk - Main,-37.63%
3.408574453955136,27104,3641-Centerville - Jackson St,35.07%
9.911005910208875,27241,4376-Chicago - Irving Park,5.88%
18.19260041043682,27288,6881-Merriam - Shawnee Mission,3.12%
7.120584321594017,27819,2365-Sidney - East Court (Main),1.72%
14.921309923392126,28065,8288-Renton - Data Center,-0.58%
11.571209425728746,28645,9947-Claremont - 393 Foothill,21.52%
5.129797862068966,29000,3688-Humboldt - Sumner Ave,-23.45%
18.38740770756394,29244,4012-Racine - Westgate,0.79%
15.801332094051451,29856,9657-Jacksonville - DCS,-13.57%
25.1463422,30000,6885-Overland Park - 119th Street,5.05%
15.53835888073821,30127,7334-Grand Forks,-6.49%
12.005080616302187,30180,8576-Medford - E Main,2.64%
13.747960620839649,30346,7431-Phoenix - Biltmore,-0.56%
11.789908490535193,30587,1320-Bloomington - Main,3.81%
8.119748366,30600,6655-Little Rock - Hamilton Ops Ctr,8.08%
3.9319157034328023,30626,2282-St. Paul - Holman Field Hangar,6.63%
9.283505577726805,31823,6509-Sedalia - Main,-41.85%
15.902327562499998,32000,4575-Pikeville - Main Street,17.66%
7.324050810329394,32235,7040-Jamestown,8.63%
6.332361167975047,32381,4388-Dolton - E Sibley,-5.66%
3.0778820481184455,32420,7615-Belen - Reinken,2.53%
5.2411214791987675,32450,4537-Maysville - West 2nd,-23.28%
10.472721895124197,32610,6521-Springfield - St. Louis,2.75%
11.074733377800683,32983,3120-Hibbing & Autobank,-4.91%
9.725969371,33204,4243-Rockford - State Street,12.29%
15.456072808586761,33540,2389-Troy - West Main,6.94%
7.850115081481483,33750,6441-North Kansas City - Ops Center,14.92%
10.071791886659629,34092,3698-Marshalltown - West Main,-20.43%
9.756272121391328,34365,3624-Boone - Story Street,10.66%
9.908384648906189,34421,4372-Chicago - Cosmopolitan,21.89%
9.206478594249203,34430,9987-Rancho Cucamonga - Milliken,5.90%
0.2889726288987905,34562,9699-San Diego - La Jolla Commons,31.19%
0.8133600290616442,35786,2160-Cleveland - Renaissance,-21.93%
11.802527910880006,36109,4409-Oak Park - 11 W Madison,-1.49%
12.901078748651564,37080,6410-Independence - Noland Road,-1.27%
7.726088698025366,37374,2823-Fayetteville - Main,20.65%
17.087425575402108,37510,7030-Fargo - Main & Autobank,-52.08%
12.984287616511319,37550,6060-Rapid City - Main,10.85%
11.015451058235834,38035,4228-Oak Park - Oak Park Avenue,12.35%
11.63057029,38551,3030-Austin - Main,3.34%
12.935322856034153,38655,1600-Robbinsdale,6.14%
22.16300403225808,40000,4432-Bowling Green - East Main,-1.14%
10.492932846955897,40273,4036-Wausau - 5th Street (Main),-1.25%
5.9023943675889345,40480,4377-Chicago - Milwaukee,-6.28%
15.898614097438175,40518,1410-Edina - W. 50th & Autobank,-18.22%
15.335039309523806,42000,5668-Denver - Tech Center,2.79%
7.773315734646527,42238,1470-Hopkins,-17.86%
12.856527271694699,42600,4265-Taylorville - West Market,-13.01%
12.301142172337187,42765,7622-Las Cruces - Amador,4.29%
5.752969242258055,42851,8050-Helena,-13.86%
4.031902536900369,43360,4151-Chicago - Rookery Bldg,29.54%
13.711868546420183,43871,4375-Chicago - Englewood,0.32%
17.736820081791276,44259,9200-La Mirada - Valley View,15.98%
8.149631237037044,45000,9053-San Diego - Scripps Ranch,31.73%
8.831368723413584,45606,3930-Fond du Lac - South Main,13.56%
1.3677304331465845,47836,9519-Pittsburgh - Commerce Court,-3.48%
16.60254968,50000,4615-Owensboro - Highland Pointe,-8.76%
22.706520292288932,50019,5230-Grand Junction - Main,-4.02%
7.194741004349545,50580,8667-Salem - Ladd & Bush,-21.98%
0.7467373329025015,50925,8344-Spokane - Main & DU,-25.11%
19.40153704309273,51550,4624-Owensboro - Airpark Dr,-0.03%
16.71163803809523,52500,7010-Bismarck Main,6.07%
6.179457152862897,57110,4239-Rock Island - Quad Cities,9.90%
11.83039333333333,60000,2138-Cincinnati - Dalton St,1.97%
1.9134708716938147,64954,1610-Edina - Southdale,-12.49%
11.966203736600308,65300,3691-Iowa City - Washington,63.82%
11.904862711796941,75367,3658-Davenport - West 2nd,-6.64%
5.513887267973858,76500,6477-Nevada - W Cherry,-4.76%
8.846574164,77000,4003-Oshkosh - Operations Center,-1.57%
18.41615387664459,77773,5151-Denver - Enterprise Park,-20.33%
12.692752900000002,80000,3723-Sioux City - Pierce Street,-6.59%
10.48667933795665,80664,6415-Joplin - Main,-0.58%
10.997863069759264,81300,4619-Owensboro - Tamarack Rd,-0.10%
22.56891814300436,81508,6591-Earth City - 3180 Rider Trail,82.41%
14.350514703664604,86203,4564-Paducah - 333 Broadway (Main),22.33%
5.398858445972563,88853,1751-St. Paul - Rankin Street,-4.17%
10.352297197615469,89745,8030-Great Falls,-24.57%
1.11382E-05,89781,4019-Sheboygan - North Main,0.00%
15.061825412333228,95190,3373-Marshall - Leasing & Financial,-4.32%
14.175367148715733,97293,6535-St. Joseph - Robidoux Ctr,16.36%
14.45843155109269,99388,6020-Sioux Falls - Main,5.29%
7.326650601249677,103867,6481-Olivette - Olive Blvd,4.03%
14.173080814563074,110636,3979-Milwaukee - Lewis Center,-2.50%
18.75709565972223,115200,5107-Englewood - Service Center,-18.03%
10.07862777508399,115492,3910-Brookfield - Operations,-12.84%
28.69488513793103,116000,2873- Knoxville - 7300 Chapman,-9.35%
2.969591286804647,118135,9900-Irving - The Westpoint,3.09%
3.662185731876989,125062,4303-Chicago - LaSalle,-1.79%
231.6364862102413,138146,6859-Olathe - Data Center,3.27%
2.1411349314025445,144466,8334-Seattle - US Bank Ctr,-100.00%
15.623333333333333,150000,7005-Fargo Service Center,11.71%
20.567553316050514,186698,1323-Hopkins - Excelsior,10.12%
18.062678260000002,200000,2100-Cincinnati - Lunken Ops Ctr,-11.33%
4.7650491803278685,244000,4416-Owensboro - Whitehall Rcds Ctr,-4.15%
14.970267979999996,350000,1935-St. Paul - West Side Flats,-0.36%
25.583227947185556,359750,8619-Portland - Columbia Center,1.18%
25.41410201548244,361700,1270-St. Paul - Energy Park Ops Ctr,-10.66%
9.819392173403308,545895,2073-Cincinnati - 5th and Walnut - 5369,-27.28%
0.067166686,658814,6543-St. Louis - U.S. Bank Plaza - 22366,5.88%